tinyxml2,ac0df4d3ad44312c052caea235d6fc8fbd6c1bd8,ac0df4d3ad44312c052caea235d6fc8fbd6c1bd8
stunnel,a113c530b767a3430eede5a9f590b2d31c92dfe0,a113c530b767a3430eede5a9f590b2d31c92dfe0
ldns,9ca04f41166131353ce73f18b2a5fe949a0c8257,efcd599826dd95c65dcfe056dbabea043d4e8725
haproxy,dcb419fd2643e7d7a1fc4f668b0157893373a3cd,377fa2a9584bfdda430b72130dad9ded0ae0ce93
python-outcome,fb1d23db08cfd2337e65b6a7fc7b7760fbf7551b,fb1d23db08cfd2337e65b6a7fc7b7760fbf7551b
python-pycdlib,436627c7fd396ce340f6ee32aa9179f657e0af5e,3
xz,509070a1b9400735000cc6d8a1a5032e15e48417,509070a1b9400735000cc6d8a1a5032e15e48417
fio,9067bc673bd645ce65d91589e826d95f433834ed,9067bc673bd645ce65d91589e826d95f433834ed
zlib,1365c987617710a57781448b5a232be5d09770ce,710853482931df93e9f15855348adfe753b66c44
bird,fd53bfa560746662d311ad5240a2b5c02c5fa7da,fd53bfa560746662d311ad5240a2b5c02c5fa7da
sysstat,037008342977dcca71a92a6b1d39c2d1cae931ec,037008342977dcca71a92a6b1d39c2d1cae931ec
libpaper,3ec2b351ac0aecc98fccd189c895222ff99f968a,22da4f7810dad706ed2c423f4de45906ee462a5f
iio-sensor-proxy,790bd0ef29a94d84ba17b86aa4b4d66c768ef1a7,790bd0ef29a94d84ba17b86aa4b4d66c768ef1a7
hadoop-3.1,1af534966743ce8a96fb0c76682f0e7d34354fb8,1af534966743ce8a96fb0c76682f0e7d34354fb8
colm,e2351067053d0576f9e0647ed2460d27941f4fd2,e2351067053d0576f9e0647ed2460d27941f4fd2
babeld,f91ee8eebc44279593ae59ce57f2f6977ce814db,f91ee8eebc44279593ae59ce57f2f6977ce814db
vdo,23a3b81ff9781fb82b42e6e7870b24f7ac60f3e8,5b8af6944dec529072805b8c7528ea90916478c7
annobin,2555cf5be407e2c2c18a0a468918e359cd7599d6,2555cf5be407e2c2c18a0a468918e359cd7599d6
mybatis,875816c88af634b72f9b78326d3c1adf6fb35575,875816c88af634b72f9b78326d3c1adf6fb35575
valgrind,d8485a0bfd3a9fb2daf6f589166d61b9be1e8b8e,17592ad6486bac36040d57f80f02e2da770207a4
psmisc,08e2f7f9139176f3ba4bf1537423be1b81f881e4,08e2f7f9139176f3ba4bf1537423be1b81f881e4
crash-gcore-command,6e43ff670a436c232b349e3202e71b47f90af7b3,6e43ff670a436c232b349e3202e71b47f90af7b3
risc-v-kernel,d20c7ef548acb784407062e571e1ab9fe40160a7,a67dc7b031f1d7a0cd4018121c2f970c14a45836
texlive-split-m,0786807488d4d2e3476c49fa527512ec68031869,044a9dd6d563402c31234df6dd2238ebc5edfecc
texlive-split-n,27aaf4e4668ef5ec5bfbddc7e9805eb7fe51c62b,2681aeda2a2218e8dd38a54279dd785653efee0e
texlive-split-o,1b74484002d75a1bca684dbc03309e16119b76b9,2a2051fec7c3aa180cdbf10de668f110103b4762
texlive-split-p,2e016819611b2938c7e3ba76919e1936b28afe14,85998b3a0207c5cdaa684f4e6fa8690783a22009
texlive-split-q,8d7059ccdbb8e34b714ad6ec72d80108a3b746f2,177ec3d086b0fc811ba60e7c0f335b7deaf3e687
texlive-split-r,d854cbab7646bfb8afad3b75958c424037c56c4f,14e5f956c9d05d4b122f3997ffd465fb3c1f2cfe
texlive-split-s,79f01ae0d414f8400a334456bddbfe24dbc28d4e,01a12b35dfa30699d656c2f4fdcb1d6960e4b556
texlive-split-t,bae41eabb1771e2174a9d158522ec9579574a75c,aeb6df22cfbc97f8a8dc2a997b001e34ddcffdd6
texlive-split-u,a912e38cc5b00260d1576b3c855e39393229cdba,34e968f55c4f33a18d12b12a84467ff2fd870a56
texlive-split-v,f74e47e4151c4e3cf0353904105f1abd16f0e78e,67ac6a53e413fb4352a254fa4824acf014a90e1e
texlive-split-w,4b633f7653bc3f230679351c7c26f5219027da49,e1a09cfd759196e09a5443096e9ed58e97e67065
texlive-base,35e8309b5f93c0072b74e46b60b1793f5333a99f,e8d6c078f21c4eeeb50d0896cee16fb8d03f977a
asymptote,f0fb715d82f2fd73b2561a40c426f30dd72ed6a3,8a52eccf31764d8c500df43a8b0a4c889f88783c
texlive-split-y,9fd8da8eb99df3a0b3ae8423cd47bc1f4ac4feed,26698d00e7e69ad47820c8ac72c3c9e2e077aac2
texinfo,cce86e8b6018211a3ace9b5aae8886177146cf20,63c340917704b080cbb427e3ea2fe3843021f49a
psutils,28f6976ceda2333e39ad53fdbc42570fbafd897e,bbc9bef226022051bd03488bf90ebaa244bb5371
texlive-split-z,36619a569bcf54b059575df2f034891c3de1f914,6bf6a2df0c4bd0fb4a7e12e2c367c8c1d75534ff
texlive-split-x,a517e8fe4d23bc98d3b3b9d544bb08fe721908c6,8397691953e80aa3129b47546d8b44f5e90d483a
texlive,f0f7876fd8c616da5723847cfa33404f8649e8c3,fabccc012049b6446d653aff2b5ac732f06fae52
texlive-filesystem,e1232a35273b550c8bcf0dfab9d3d24933231fac,c7193d214d11929650f6eb6cf230409fcab73374
texlive-split-a,842a4f290f3c34112f7a1ff14e8a47e54c31393f,d95958f7f7587b788b4b6251b473cfb314805624
texlive-split-b,d22e7ca82c467c9ed72ae567e1b189e11e14519e,ad0f17f83715a571635d35ff19e4dfb7dd21c6e4
texlive-split-c,65d5d40ee09fc8211e525b3727c36a0606e08a77,fc7de85fe52db120eae7ca6fa1b8201027f75c22
texlive-split-d,8c47908d3c39103bfb22d10091acecaa6d4430cf,a0c659651798867482312fa33c89068e200d833c
texlive-split-e,33005abe050958e43922ce732ed512b181b64ca9,ce32e6830abaa7b5068ac9597b35dd913f23ab36
texlive-split-f,9b3a1f60f145e6ccb8446f78435e8c18c6cb0103,c01f73db8a401eb4966977a4aea9f4b96ce88645
texlive-split-g,e455a106b36bd14e7dbcc38c90517565a8ef7693,e1b0af4771cefd822ef163d142e31f431d65bc98
texlive-split-h,047b5562f82a9afa67df745febb052e3344ceb4d,a7b5d3e8ddd04a6457387dfe47a67239e1fcdb29
texlive-split-i,6280d66b423eecbb6d8a76c40220b8f0a36f429a,ad99bf3c94cbfc086215395c9a90db372a16ed71
texlive-split-j,bd9055325cad881ed4b68a4e76b79e2a2c52d926,9c2b14f3bcf2b919d101b9f776f2053755d8ff67
texlive-split-k,f655766ab0827b943621854e496b2975fa1e70f5,9c8298d17955913947149cd7b9c28aacdb762400
texlive-split-l,02dcf67a045599e93cfe2030345ace9d7b362cd7,6906acc08e81769f8af1e1080048786d3369a6c1
python-hole,a66300511f450ce56edaec15fd133315d7b3f485,a66300511f450ce56edaec15fd133315d7b3f485
python-geomet,13494d5fe1add7825b8bd7c65540a77832df5afb,0b0a2d9bde561a6a0e830cd13d1dde87004f5df0
python-genshi,2c0aae3b7ca08f68f4346c02fb2a93ee25155977,2c0aae3b7ca08f68f4346c02fb2a93ee25155977
libftdi,fd93b6f9b28810e281d1726bf3f6803369622a03,ed2126ec875901c8a1db30ba722f4937f9155eb4
lirc,20986ba6a4fe117924af9cc78a8b5daa209dee54,bdfe2ec4d130b771f81a3d6e316b01d851a26039
vlc,deb2988cacb97d4ea55938e3f2bae8a881061a05,6c1c9398a004fd3fdb0c214274d0449107a10b7b
bazel,c9e811201d009190a0e269a53f4d52ce3d157a2f,ff1a97d4c9c44dc7bc40e7818cd3e41d01c2a4c7
activemq,6c63d16109de638cd87f64b03c0fe974e10cfe71,6c63d16109de638cd87f64b03c0fe974e10cfe71
python-pyTelegramBotAPI,809dc957e208e598b48a1d7d98f1868c31a732b3,7d2b28ecb700e7ed8c5687fa4e86bdd5a01a8aee
python-exif,dda441c919cc82f72f8dcc6ae47e94b37a399da0,5
eclipse,02b9520f9c7413e4e1676a87bc559f76326a3f26,13963bd1175c3677da7a618bcd6164ad77d4f385
rubygem-ffi,a614bd3f443535956dd6bbed7157df26d1529069,4a25bff8610fd23b10db01635e42db622441f19f
python-mnemonic,3d0a444c746ecf82c022c43aa92d64f3c06ea09a,3d0a444c746ecf82c022c43aa92d64f3c06ea09a
ltrace,b6ae236607e28c5e64d6a6541aacfb597fac8632,b6ae236607e28c5e64d6a6541aacfb597fac8632
fcitx-libpinyin,04e0154285df2d05d8f4c84d6272c120788cbf1d,04e0154285df2d05d8f4c84d6272c120788cbf1d
wildfly-elytron,3652f7d94814a294b062a490a84db67d9496c774,3652f7d94814a294b062a490a84db67d9496c774
numactl,ac1447b100d9c7fe8f2c6b32b702ce3fd7ed8dc3,ac1447b100d9c7fe8f2c6b32b702ce3fd7ed8dc3
samba,07ce785c074c8eec7c0541cf2691ba8522093621,2768cb6a4a0b90f4abad2f75eaac96e166bf1aad
muffin,55a7f83db76d1975afb50b4d1a8b35c30220269c,55a7f83db76d1975afb50b4d1a8b35c30220269c
cjs,f121dbd384d28c449bb034b48996199f725ce5cd,f121dbd384d28c449bb034b48996199f725ce5cd
cinnamon-translations,1a2207e00c6f06263d6df524253efba53e54fb5d,1a2207e00c6f06263d6df524253efba53e54fb5d
cinnamon-themes,2280628762aea3780f3aaf42bdca8616a7f1e1ef,2280628762aea3780f3aaf42bdca8616a7f1e1ef
cinnamon-settings-daemon,b5ebdc1c801144959e0739d545c89594c845fc28,b5ebdc1c801144959e0739d545c89594c845fc28
cinnamon-session,9bb4a28cfa9711a551710ba57b9fd19db91053e7,9bb4a28cfa9711a551710ba57b9fd19db91053e7
cinnamon-screensaver,597194ea411548138a3d72bcda6ac7beff7631a3,597194ea411548138a3d72bcda6ac7beff7631a3
cinnamon-menu,1541547c97f7009bbecdcd60eb7f0dc3f8eea78b,1541547c97f7009bbecdcd60eb7f0dc3f8eea78b
cinnamon-desktop,135d544f3a72b3b3b0d4d2ebada4205db73a9ddb,135d544f3a72b3b3b0d4d2ebada4205db73a9ddb
cinnamon-control-center,bbd9cf7de45446b4113d3304bdeaf4e273379b18,bbd9cf7de45446b4113d3304bdeaf4e273379b18
cinnamon,5a473934c948972bda74ba3467d073dc4d20ae32,5a473934c948972bda74ba3467d073dc4d20ae32
python-dpkt,7b48cb2b4dd95139a47fbf05b12f4628a17b517b,9e2124a0b1d25303c3911b94e0685e68ea92cd4d
fwupd,f8582f1bb4df85c5a09dea562933c6479d0f5823,48759a62ee813a0f1324a9529a19791d1e801e3e
lxc,ad21bd56aba304baa41a256a2069f5f2cfb5d329,fe29bd966ddef71110565d3d1496ab1858cd229b
python-ddt,cec463e8fdac1fbe70ee354d90b56bc2180b114d,391b718ef958a5e34ed37d5ef7ad319d3a623628
iproute,2e02535ffc5f8e7f4b676f8a83d392ccc977dcf8,5b63bb61b2d4f6ed8b7a3e9b5cd77eeb1043f203
mrtg,7a7990b25e4335eb767dbdd14b09d820739202c4,cefedef60b3070c99bbccd3486b6b2d0f996a480
fakeroot,d25a02a491cb82ba7ff320ca544005149c8197cb,f3d1bec68e63cc4770be7b08ef99c4acfed9444d
accumulo,4e77c04c7a80702d5bcfbdefac5744dc9ef43cfa,f5eab8a33a842ce53f4e62791708591f668c2c38
gstreamer1-plugins-base,788ce95e36d5cac6e19db8cfc24720396eed55c6,bc2f5a4ae348362b4495ea2893601c7df6026d78
nano,7c89cc1f19eaeb04646d7442eb3e8b818e23b033,4b6e9248bc7f2851b4ad227bf531077b95db8ba2
python-mne-bids,e6eac3f2832493cc4afed7e4cec19fcfd888b749,1f1079c47aee77cfec5274496456c8cd3404686a
dde-file-manager,04d60648f00a45caafc5d93b6205de46d06b4950,e31186beda2ab718636f9182419bbeae68cb7b8a
deepin-editor,38ac6220ef41e07886e8b6bbfca2df22b68dbaf3,5a06d90ec2c8ccd3b6be0b64649b6ffaf31d56e0
pipewire,70ef5ae505d090b0f9a8090c274ab03945d95e06,152cb020ad47419eed9300be4e49cda0ca2cff6f
python-mne,cc7f3573a815f61edbb0ed1cb8c39987773bcf21,2d7aa3608036129147cd0585df893dfaca51f825
clibcni,3ce210484d68a305fdbccb29328c6751e6b784d5,f6d6a635a1e9682b8674da4b8a4fc59415441679
python-lmdb,d49a94612fa1ce21ee3a9a77dae2964a0bc1e48e,5599a162a09c1c6160fe6bab113096dda17ff649
maildrop,5314433e2869fd129ea6c919d586c1f9e034b621,3970212bed4db2c49072b21d35564f2dc1258c06
python-limits,f5ce2f926a2d7ccd0c8236a601fa0c47bd9559c2,3e8e1c011062eec63c3ec0f74cc0e033a8efcb3d
lcr,01e21dfe2b10bb54ca1f5ec1224b257c420112b4,b4839e72689eaedcebb206b994f9e29bba8d628a
swt-chart,7ce41e4a8bbb8ddd45627abb6a527cf49651d6f0,7ce41e4a8bbb8ddd45627abb6a527cf49651d6f0
openssl,c485a7486b9892bb35aea8eeb4726ed9c8181159,1db916a40f72dd8839021945b69dfe4ab60f5a2f
libtevent,dd25c2d3c36d7e5a3a48631474b56479776fd070,e18c310c9062932da70e44012799aa3b13bf117f
libtalloc,3778726e563f8b1fef2a22a506fc064582ef0c72,acaddf1c56d235d240c87fa972e0fc360c3354db
libtdb,b1fe29de4e8657281e20bf9bed524b3aa3cc0a51,ca9baad8a6954bc45c155e7f5149b30dc9ff290e
libldb,e8984fbb9b285cc12b5097ba724c00b51ef7b4af,da78ee2b068e452e0060d8f5f47e28414e0c8743
python-watchdog,91ddb4ff4c7b2b24664d621bccde0aeaf5d09d16,13ebd5760945ad9a8751fcc8e86b7a57cf87a400
startdde,ffbb42277dccf6659d2660183b0d920e19bc21a2,0f410d462411a94094bba3cc2ba003d824a654de
gimp,1cddacf02216fa23f420d0011fca808ddc6fe0e2,ef7d99e2749e4fd5248052f300d995be2bfd3636
dde-daemon,f1e551e65759179ab3d663543d530bb3ddf1712b,a9a228c315342ab6951fa9a748db11950410894e
openjdk-1.8.0,2b60bfd990d84a8c25eba55e2f824e10fd7f8382,54934b203407b2ddf16c550af7a7e6194c387abc
dde-api,17ac4669d62dcce8128fac0260a604236f42ac76,8cf784f3532dca73d4c0491b3c5074fa0935fe2b
authselect,7323efb811b6f1d069ce23cc6369f3987da95dbd,c332bec1c30fca6c562dee63bb3b5f5793068369
python-sushy,f960542f604ec2aad972cc6c86a30a974ccaa9f2,0253e919f6117d9d00e6093891f9e35f54fba65e
pyxdg,263dca003e4aaec1ce11885b9f0de83e395a5098,74b4542264e743778d7eba86a7508b7a94f2368d
zinc,ff04aa26c5df3b8a9b6ca8ef22344f6138960bbf,ff04aa26c5df3b8a9b6ca8ef22344f6138960bbf
python-supervisor,fa7bb2e37f9672db33861a44e2a5de98e5f83004,fa7bb2e37f9672db33861a44e2a5de98e5f83004
openmpi,24457c6cf23ea10ab956542fc06c7bc78fedd16f,c70509c0342a21666c96c27c747557022cee1ab0
crash-trace-command,322e7e134efde3d22f58d87948dca0c0a8139600,322e7e134efde3d22f58d87948dca0c0a8139600
deepin-desktop-base,c93c84b87b4d13e674fee140d86aebd6cd3951b8,4efd116e56547665279c08cd4819d5148d803066
glslang,8799c6c0d2d61d7dce999e9b5d51bc78a69bdeb8,132cc7cd5d11378fa63256a494e8ab6460b9668c
python-unittest2,3810d22a64c20c39b5693d549a8403282d956132,58763a3df8ecefc82028bb4f11537e28651845f7
keepalived,cd9dd8f6f4aa3f09dcd71a66d89d8cf3078fc272,7c02e3808b29e24a7ff9e8fbfcbb399a3fa649fc
aom,7b645ff288827a779dc9a645a1437c78d8c83cb4,5ec9b90963da7c8446dedc2a723c423d353f25db
ceph,b394673876aeaf613077fbfdf212934d83d0e1e3,a7112a309af264269510c1bab70df7e57648bfab
tycho,5274de7b7219fbcce38163fadd2ca36df6f220e4,6643e2911f79a50a2beec0415f449deb84f239e3
python-texext,93c240b5639c2754abe07a10e24d10fa8bc44b14,80fbe89fecfbde56135bc54e3bed9636dffa8c03
python-rope,e6395c7b7c9a67a795fecbceac99d3b8161209d4,3f42997cd03b08592fcf515a04ae804d35b3db06
pigz,15b8d15c4c9144a67940065134e944bceac4ce50,3694755023b0e47d95594afd4d5d26fc5c85491e
opencc,f07ab64684bab08cdd69435acefc7810054f20b7,f07ab64684bab08cdd69435acefc7810054f20b7
motif,be6d9ecd4c98f76b2c958625d97354ec4ab9b078,be6d9ecd4c98f76b2c958625d97354ec4ab9b078
courier-unicode,fe5162ddece0be82461e0b271af2038b9d002e9f,d892217722d92b51c7bf64801e3dfdba90aece47
python-toolz,ce4a3a8397cce161af4472b6fd5c79b236da296f,188a5fafb7545e75f62e3779b2a1197eb4e46525
jsch,bf738f889b4aefab467ea0e259c272648eae6ded,6a43d7f13dfa13ee13e828593d1d9b20cb6b45b5
eclipse-egit,a1f7531e15c2bb2727a0b850e76f71d287fdbe36,9243337bfe09fd1370556c560359c501e15e3d80
python-tinyrpc,566ee982ad39c6266dd77a056466a5c8ea723e2e,2e24226ae017e30b2c5d759796d141554153cccd
jsoup,a777152fab5c30538f2fd5531c7fbb5fb2fa2719,30de81cf870f5650a75e73f71e2e8a08e6f1daa4
cmake,2095a45de8ba28d784ae8bfe070c1b379dffcfda,f6666489e91d798e9a5c2cc496dce7e6b48eaef3
python-vulture,3e7127d2ca84cfc60254ed52feafed7c8763a7ef,686b5c5997da2b7beccff8b983c2006588036cb8
java-service-wrapper,ce7cb47d78b240e6e9f44b2333488280bb763a16,eea2ef1d882c699b5495d10cb6e7b3af1dc62cb1
nss,c72288dd3b4fdb9f890c48f28e9c4469f2e12cc4,6a5651211d561abe1fb88833502da6648ea51a71
firefox,408344222a8ef0853db1b038e7e8917cd04e0e94,0ce4abcf4dcb72e60c949c3cc5c531b05cffa26c
python-tinydb,9cbb193274915d03b56fc9a64532a2e75dc4f597,34787e1fed304a5b4923b2fceb9e467e9f3b0aa1
rust-cbindgen,b189b5cce2582044842751e563a458f80ceef68c,ca6fb862e255360c56d914a75efa638982b371a1
ncdu,52e545634bca7162029eb3b69a875718e8702548,52e545634bca7162029eb3b69a875718e8702548
qt5-qtwebengine,cae37a89187d6b762ff26e217b5f0ce7bc058dbb,1d601b9f89f278714fd868177ef07fab23a79615
eclipse-jgit,b990a2eac12f55ddc32aed7b41238556aee221ae,b990a2eac12f55ddc32aed7b41238556aee221ae
htop,23804038301c92ba936cf824155548c1702859c8,45e2fd73afa30f50d6eff39e67e909db93b92577
zstd,870b8cd106081ab6719c1fe30f41c7783275a046,2d815ba92cdc35d92de13b070c87ba3351ae78ed
promu,1b5d943ddd78daf475b7857dd956ed64b6071f7a,5e7c28b945e9d6d3b596e0b0241a2d46bd78ad00
python-Pympler,90ccf99caa89af779ebd20911864c7fb0b415c61,3e6b1ef320291b64522d14edc667493ec2bfd864
pyparted,487298ef50317da8969efe35c82ffde01307c94a,487298ef50317da8969efe35c82ffde01307c94a
unrtf,9db0570b58d436a3f9b43a84cf7f3d29208c7031,39bc81db925e8396ec0293981bf7f4135179f915
gssproxy,7555306afae193865e7a1aefbf7ffb9362a57226,c1250ab21e0ccf7853f85ca45c09907ae51f7166
python-latexcodec,eecdfacac0c2e81e2bf6dd831178973d5201b8b1,08d3ab3f6ab8caed3f8ed9787c097b90e248aaac
mksh,dca15d7bff6a6a5b03682cd0a5d9df1ca43bcd41,ad4f3346a29e3f612b3b6de2b56e91ddb196e83e
fish,33cc10e8786642ff5fbabcc3b48eb43235b5fc7d,bc2a51e8e511e81e1afe7102be1d8c4059a5fadf
mobile-broadband-provider-info,364de620e625e8d0e3f53717d1b6e2119bd88c9e,e888c0bc74a2135a53df7621ce37895ed8fc6141
physfs,9bd37949dc0fd7ee7702e0647e47afb7a3bfd003,693598cfe367a960aa1e3d072a1921e3a0bab451
perl-IO-Tty,27eda85550cb52b8c5ce6457fd0980a5fa2f44c9,27eda85550cb52b8c5ce6457fd0980a5fa2f44c9
perl-libwww-perl,841e1c22dfddc4ed869e81fa6f5d0d1296a78b65,841e1c22dfddc4ed869e81fa6f5d0d1296a78b65
perl-B-Keywords,b503b4c57f6cdab06985cb17dc9d939f8a03198c,b503b4c57f6cdab06985cb17dc9d939f8a03198c
pv,8433819264024887bb1432f047a391eba3ab2af9,ff238ba7e9dcd2adbd62fa4df58dd0801e3195bb
pinentry,075b617ff488ee1dbf3d5e33ac54be9ed6b91bcb,f15370eda0e9ec4d359ab2ff11182cea35afb43c
mtr,1adcfb5d15871f4fb44a802e3ed003a134d243a2,798f840aec825732e0de6bc915691d1e3a644081
mtools,1f1f803957951d31573495fff1220aa91707a209,cbb0da1c5dc7b9cf5a9ef805c1e34eae626535ab
iperf3,e1d9c7cd9cca4df1109ddab603f016952de81b4d,e1d9c7cd9cca4df1109ddab603f016952de81b4d
gzip,63ca82b86b5fe5ac2482d61962c00e735cd57529,21ee4e312ed6de0c1ada45ff71fa9ffd7a0aecbf
gsm,8c9597821cea6723e99d1d310efd16fdae59e919,8c9597821cea6723e99d1d310efd16fdae59e919
deepin-clone,0c06b40f2141901a3b999a7a3b1be71cbff65f03,fe88d6e9672d55bd28738b189da94cf6c3d4eedf
eigen3,5ccf359449d5d0f7326a70db263b37a89ea74632,05ea72e6c8b07ebf1ce023167ff7809a8a661120
scotch,55e12a5a39a5abdaf682123ba5cf5c5ac55c5287,d67f5ac56a25711a74bd9115b918590552d4da6c
python-btrfs,50d14c232ce9340a7691adfb43da12ff90431e34,30f7a92d68da431f9d32c82f905652cc2722c0f6
hdf5,86d0ada72a4fa49def490b345b68899664ce3aa5,357cbbb226c32d7604e7a4ea7af3aacb3c941512
eclipse-ecf,c4f15f4ce31be67bfd986ab3ba56bdb7d22e0a81,41be24ee2e10d1bad43bfc45bbd848fac95de45c
batik,b9be33a890282953202009a96e4026db57f1a4fb,b9be33a890282953202009a96e4026db57f1a4fb
squid,2488f0649cf5c955a4c11070f01b7986f8bfa69d,aa181230722649f4938f5c45be37541de0b295cb
perl-Archive-Zip,d21ad5647569113c6295601ae2e8f8bf0ad2b77e,2084f263ccd14c8472022ee86b28593cbeb4c51d
lldb,53c6b5abfd31a9d6af88d3e9de802c3102c4ae7a,c06a9997fdd3c446564d1f33b4f5758f400f5b50
armadillo,a1a27548ace6f1782199034e20b7a83ccb3e8540,1837458a05faa6eb63b6bd1305034a835d53dbe7
perl-GD,6632573aa8aaf1ad485936db59dc717a322facca,3deacc7525f5295d380f7b6c098820f563d826d4
python-aiosmtpd,f23236961fb3a39f2eeab1777cec2622a43afeb1,ee709a6ea204eb76a3881efc4d49970dd6f298e3
yaml-cpp,8e0b744b8de013c421a0c6498919dc8ceafc2821,e0705ecd08ae0f7d53511abfbcbfb6eecfca06f6
xterm,a5800ed2002c122ea2263c0611f6a1cb7a4c2768,7842a22baaf93d74c1d371c660c51053d5d93137
xorg-x11-xauth,02df83034a2aad2be4145581fa65d2f80813ffff,0be10f22b8ff47c23fea1bfda8c3b2f86d61cc19
thunderbird,78267377ff0d4c4c81a4dedcb5ead2d14cf27084,74d483fda08393443c65a79dd489e36ff226b803
nodejs-async,6d918bd2155ad0fb10047de8cae7b9554a04d896,e0181e98ca88b93e63c42fb917d1e06bb8576811
lib-shim-v2,88ecd0437900d5a148ebc1ae36cbe9dc3bdb1d26,1370cf18ddfefd6ad5886a7c22a33f439ff59972
mockito,379c6667b213416aa45b34ffb70398487bf827e0,c90c892a88e38726bec25ab4e94dd0f2a55d8624
perl-Alien-Build,47db4002dcd1079fbda7695ad89291c7e18ddba4,7e8ead31adf06f9c57ab4643a6ebeb354999f4be
pulseaudio,af9fd362ca7d41f985d08a5c759d7f337792c239,9f8fec470bf4dca99d0bd296336413e10006966e
rdma-core,09d3d381cc9e4fe1e74406a17826d820d6b011f7,cc1006c9170f55618b006eb7f1ce8e3ab11be99f
apache-poi,bf80364a70a69d6d2ed13105b848f82320c61fd6,fea950b930ccb48e4b7f3f5d2bf2083dd96e515d
apache-commons-beanutils,92fcc57fc75d3f33a1f56ed04f1de9eb421a6e3b,31405679565d10c57c24306efa58a84b5b8ed502
python-sphinx-notfound-page,ac07eb65e867111332171f5d08c0c8d1bc02bac8,9
python-sphinxcontrib-bibtex,a1df78aec277b84ce016a06091306dd2d8d85491,fd9f5675042198279d7faae742d0f50ebd77a35a
python-quantities,77fe030217a3252081b408cfeed7b65bfc9571c2,c6b5c7c6846cf993c9cdc3f41312aef16d657138
python_cmake_module,f4d41f6088eed0fff815456e8f834d7836bb3da9,710fd937cdda4cd23888fdba0b20942a544311e3
python-gnocchiclient,4276d83fb0add25eab47b27555a2516ab5b8be64,725a971d36646ec7e56bad30270f3f74ef36eab0
python-blessings,76b5cc9937116e2b0e50e17a2c7d1134f121c8a0,1693ee60d7e4cdf54e3d70aaa59a1a48cb1ad0cf
python-astropy,0f40cef543edbbe84bfff4b484102c6df4b358f5,20ac442b112cffe0d4c2d9054c25d295f6bebd22
python-oslo.vmware,4b34da28a9ed7eaf689f7339c1b731a8e1c0b253,b75ecd3970ce55ec7d74c1db93d9352c0665fccf
python-pybtex,77e93fc65ffad5bde9b3bb475a182e60823d2ae1,67391e14f20e9e947a4c028f3f070fc3c0e2346c
python-sysv-ipc,0e15d01145dc7f5b8ea4f4885bd0fec051958283,0e15d01145dc7f5b8ea4f4885bd0fec051958283
python-lz4,0157a894815b530bd2722e9ffe87f1ba52f7303e,b1ed8b2e9999802883a4e05b46096b02bda12f08
python-clufter,43ea4ce47ffd3adb10c755d76e0f3f3cbf980b0f,43ea4ce47ffd3adb10c755d76e0f3f3cbf980b0f
python-pybtex-docutils,d5f7c2b16750b9a2f219bb46613acfd1d9a69245,00a6fd56ade22289079f2e54c7af1ef5f4be73a4
python-pypiserver,f83741449b1f994a6bbd7d7f533ccf90285ec5bd,a5c625cc4b706cb2c2a8d16ea5ff3a32d0c8e191
python-setuptools-declarative-requirements,290b45b9bf5527c8e82cb83434aea88273336c19,290b45b9bf5527c8e82cb83434aea88273336c19
python-setuptools-declarati...,290b45b9bf5527c8e82cb83434aea88273336c19,04a240d23fc72465d305d174e4fc5acbbd248701
python-capturer,197c75cdd514d3f5c4e9ec4bba9b1afd24bcd7ac,197c75cdd514d3f5c4e9ec4bba9b1afd24bcd7ac
pybind11,bf6e43b5dcab1ce5fc98d746a8312cf001db9a41,6662f6d278189de842a17e1a70f02be0d04bb4b5
numpy,63f131a2104b2d8b1f4963b8908e41a1986b3158,63f131a2104b2d8b1f4963b8908e41a1986b3158
python-flake8-logging-format,1f07ff31f174db586be17f1f8dc4ecb890210aec,8ff0f3f312e5e5ea4ba307b6a00b4b40aa5b2d1f
python-hkdf,73eea159431b8da3a20e624b8731a0ca13566352,131d4447f732c5b196d00c5fd77ba3632ea4136c
python-hstspreload,70c6e2bf8204af071e236eccdb8ab8878efc7ee9,c15a7b00d139c8341f2f7d5e5ecc49cc183a1013
python-zarr,1c063740f77dc84364778694651b5ab9749a66d3,bef1be0c3bb0d024db60433648fefb4f3cdebd95
wxPython,a9ccd28709c44046be872f581982c23a48f9e2fd,ca13cecf0c16f850119368b7668a135595787c79
nodejs-is-symbol,f47d5bddd1bc5995fcc49422413e425e9bda71b3,55dddd8b0510c7b334b398f4e3275e00a3121a13
nodejs-is-regex,69910e4559d621f79d06fd51eb8e2b0b1a472950,d4d0c03f1084366dbc7b2c9040088715108b8c7c
vid.stab,676f77384d13291c031a8823648a04384cccfa91,676f77384d13291c031a8823648a04384cccfa91
python-stem,ba5a0f3f7545ba55081ab2aa6793466abb366300,5e6a48842021da8cce06f61bb5fc1d6c708d0c3c
golang,927f3ad18cf991f10d592316298670f082f8bbde,4fd46fe7b9f44f4057337ee7493a4a39cb7a18f1
python-pycurl,fe61b496430731f884912e36b5d71e258a1ea333,3dfc209011d582089f43cc1014df70283dd2ab00
python-colour,37479047eac459c4e1fcba7b13c3da5a5205bded,2a97560e6f643b2a95ae64c5ddd4c3b08f939393
python-httptools,6a91e80a0cc06912ddbe9d7a9725d9134e6cd3c2,7ced8daf188ba41628e7a771ecd847ec87f4ec36
python-iptools,fe93cf5bafe4988b03659d382b1acfed30ee3653,10b61c31b84fda80fe9ffbd890986ae346b4a1b4
python-d2to1,a4229207ba82a1f8f21ebc8bd0e292cf29d4fd8d,9339b4c577e969ac98db7b0b4eb481a1b586f16e
python-openstackdocstheme,03d172292f06a5441b04a0bff78bee7bb4c9dd20,71ffd3a06b267837a7e94cb840564a42a25f5649
python-FormEncode,24c834c03fe990a8b332fa0b962691481835fe2d,f850eea0ba5265cfa7e1b7585563f4f0f554444d
python-lightgbm,ee3427d82aead67fc88973c5c9807fb2b0063c11,8861ede94812d2c8225be5a71229b512ae39b172
python-pytest-repeat,2e3b7df827ae1f7c1800928640d9a501375d1401,e8de68c506bd6cfda412dde86e2bf74b2aba5ff0
python-leather,9b2407c31b162bbd5146319046aecfaf4d3554bb,ececf1f6e0ee08f6073083a261f3c96826bf91ee
python-periodictable,f8247a9464319fb6cf5f6833d4305296cfcd3c17,8776fa34ab19965c9280e517d32717611ff5d4a8
python-sphobjinv,e7f33c8b01b091eb057468dd5860012266085f66,281dd45f96700e11c272aa8be48435b83ddb9001
python-precis_i18n,5c9ca88d8a0bc15c328334becd36c722ad5ead2b,f0db7f7823a922f5be63ea9cda73348a468309cc
python-aiosnmp,e7a6056d04fe157e47dd6389564837aeb91e9075,86838ab51b210112a7b57029baeaafa38744392e
python-ns1-python,5cc58bc48cd9c2d27b5590f6cf0ad2bf75830e67,3b67ddf96af1ba030707886d926f77b8c25972e7
python-pytest-helpers-namespace,e62a05536d7ed5c284f442eb023704d1fdb89cf2,e62a05536d7ed5c284f442eb023704d1fdb89cf2
python-pytest-helpers-names...,e62a05536d7ed5c284f442eb023704d1fdb89cf2,211e625db2f361519288d2c3a3046cb72edc36bc
python-firehose,26ae6c9b72e11d0f2b03f429b9af565f8209722b,7e62da7413fab0fb7dcb084c7944774848131f51
aws-sdk-java,aa289f3ce459a5edf567cfc0cb9a8db84f0c5907,aa289f3ce459a5edf567cfc0cb9a8db84f0c5907
python-smmap,d3a0ffc749f40cb8799d642f9bc665808517b72b,0cb756b8d6018ba00bee413f850189a3263de80f
python-lockfile,a57b9a072ae2eca2f36abb3b3f38a82e10089fea,a57b9a072ae2eca2f36abb3b3f38a82e10089fea
protobuf,afc57ace4e2435c137c45d4d8c05280126e684d0,fe90bc14479836869f0414e60033f05dbfb63588
perl-CGI,b223e24a340f6fb99aa72488cc43e76e5fb77213,3d5648be899bebb642dffd7ef44d4288f1ddfa5d
python-dateutil,ef960875a9fe67e479341233104c2c54b5d4b4e3,3b7c616d62270702237b34cf440633901b168b19
pytorch,b52cac61e853ede3f1f2fd5f4132d7660ae14808,2489ca6cee29a6ee685c9b4a3dedb9c79c5e64a5
python-which,9bdda1df88c46f82164f7289491817edb4d21ca7,9bdda1df88c46f82164f7289491817edb4d21ca7
gdb,6317b6ece7f4f957c49e469ba98775a6bc2828e7,a891e86e413801a768cf38e7944d9aba7a2fe454
python-simpleeval,670da39fc0f2df75e51d82e65dc6304f4465d47a,097cca2fd91f25874273ce3b001df3b6ed79b97a
python-bitstring,3ec6bf9776ce8c055e464b7b38e78358729f666b,fa25463a9b1fe99c2ffd57d8d0094b0afeb53448
python-restructuredtext-lint,b8ed279cc634ba540cfaeead86763cabd84de744,492f568e88f163c6b445d3748c25847a01e0340d
rust-packaging,96404e98d3178eb3449a6428b622079e5e41fb04,63bbc5da099ffdf88d3ae69a20ba91ed274b5529
rust-srpm-macros,b39fc7915e9d4c3e3f2d1663546e2e4220ad29c4,b30ec31cb8065ea1466c6d022c62613d1de7d5db
python-mailer,e93dac28f6970fbb5c695df403132939396ee5c7,c733c9fe0ea21ae1526e60417b5a3c703111dcf6
python-musicbrainzngs,59bc8810e426e99351c958e7c1824cd5ebbe1aa3,79662c15cd07fc0e9f5fa5dd2db2619d47974391
python-arpy,96de596a2faaf8bf86f4401801a020dc9ed3dfcb,c65c89adcddfd9a8046379757efa787d7425a895
python-requests-gssapi,0e4b610f2c3a0b569c92e87059750bf66c8d5625,325d71aa3fffe5c456509d0d407c748a376eb133
ptpython,9372578b365cd4c827016c2dd2400ad9e6828edb,9372578b365cd4c827016c2dd2400ad9e6828edb
iSulad,017a89c128844288b6a0bb9ffa2696089b9bf104,97df963d711d17bfd927645c3a185f21abf839dd
emacs,265b906e7a208c64d7703566b56263603fff0d81,06c0732f7894b864cbc5fbbd34ea08eed8425295
grub2,30e2ece92035160c346947847b1e75919757da30,cf4cdab72f0c328c29aa28ba4e5f22c8a5df2477
libaio,a11502570017ab03170779de42199d5548b582fb,e12bddac70b7aa42cd34d1b0f765250cba21451d
shaderc,199ec9562a9cd81d88c4a97d1b195bcbc18e5d07,199ec9562a9cd81d88c4a97d1b195bcbc18e5d07
gawk,5aa0be80c6d3ef9d752c470b5b375e030636ccf4,fc5db01e6a0641a3f0cbeacbd60871be43dc0d09
container-selinux,6d2f824fe8e5dc47d5def0252178b7ea412e3da1,ab8c6cabe79b7d22ce565a26ac46fbb57af7a8a0
libnice,09a20b2babe039753d7a2c6a024074c97e4cb310,e8c0ad296297e6678c7a953b3d430e7efddaa9c8
fakechroot,e12bbb991f2df26850037f9c971ce5e62b274f3d,e12bbb991f2df26850037f9c971ce5e62b274f3d
syscontainer-tools,b24581760755eb4f560b8db2130244225d37b85d,42275a0ac81ea71c086bc88363cea2b4f3666c16
xorg-x11-xbitmaps,80337448e01d86024f4d4b50315b535bcba93e2e,651791aa0e7e9b3676a486464f1b1c1d31e2b008
python-fixtures,ef4f7ec77be0d870a12ec8212a2489b348715697,b0b274f66d330d2cc95af7139ac8ca7605ba1da6
passenger,1630e76172f6b5cd8311fac2116c676b352a8543,46a240b4ecd7f4a640de2474832c975d06ce094c
mariadb-connector-c,1d7b324cd211f3a817f868ec2f19eef5990935b2,1f1734557821d48acba1ecf9d1d37d040927f7d7
musl,db906ebac238d4fb772b12223820580f1cc984fc,943b479837e6e20687e522ce1f7ff46a6a3ee46c
gc,a7f66210df3a3df1c3cd7bf24a791941ad97a9ae,257ec0b81266806d759b7beb9af730209760beff
python-pandas,f5f06ddf8e4fa7c7e31205ea8108fffb53e6d6fc,f5f06ddf8e4fa7c7e31205ea8108fffb53e6d6fc
libgusb,ec397b6eb1b2b77546250428279969b98969fccb,96085ca6722650df6d211117379613005f490685
abseil-cpp,fc4f6421b08e9b5112a3fa6692d0c9d83000cce6,bfd018110f1fd50d5cf26325079c3378e729f9da
python-markdown,1754128714ee07f45e999c2e8f39fdacf0d655d8,f1f6aad15e56bfcb1176859d6ac6b1210ceb8212
aide,0a7cacfd667060daa66a88fde1356a95a6919a49,30
libjpeg-turbo,193acaefafa42d860ad3ec560ad6a833281eacd7,92f27488501d49b0f9475f1209fb6458932dc987
ruby,3b6a5b68cfe9c79b9c7dd0eaa33c1f0950493e73,65ca60330512c23508804918d5f16fe1c546da46
python-hypothesis,bd58c842672ad9acedae241fa20ed92a2d7c17ab,952298701f8be354d6894496c45b0fe22ba5c478
python-testtools,ddeb2bd42c292fa69203095560ec26f69b475218,3d9d907c1498b3f8173a05f3e4522b39a767e360
libepoxy,8627004e3802e4c27a7007948546b51ee10ec955,164dbd7b3d3188e9d637b0521b6d6e13e9d408b9
mutter,f22201b7813042ba8c8bd5c0f608ab802d522f5b,1b52460676a4253ac84cc3adcbd7dbda3d5f1b59
openjdk-latest,92784e08c7c259a150371c9266d4c186fc60f771,de5120f8b51619fbed0423ba07ca2d0d0b116db7
openjdk-11,39b47711935990d99627fb26de29674aeef15e35,088fef1badb45abde414cb6094b0c5142872664d
dblatex,3858e9a784105fbe69f6e8c4a21d52c5cc3310c7,3858e9a784105fbe69f6e8c4a21d52c5cc3310c7
glm,d44110133218a0d976f9caa2090f3f01c3c00916,d44110133218a0d976f9caa2090f3f01c3c00916
asio,7c744a72661e379ec5a6abbad083a56d9b197bd2,76f6773256d0e4f031d9ac919a3b8daec2dffc5d
qt5-qtwebkit,4b94450cc78f8c80d99ad1675d8d2e6b77fc8b82,247ca392ba437eb22f430cb5ddf44445002193c7
color-filesystem,f1034e336d1a4626977ab80ba8345b70aaa984dd,f1034e336d1a4626977ab80ba8345b70aaa984dd
zbar,a373bcf05494842d1d223d4a307cfb778122968b,878c12d84ab599595a2107261266ce18816877da
lwip,97ad87523de27da0bb20532056d2926a90ebe72c,dbc525312767f9d9927167090dca933c66fde2dc
ypserv,7d5279bad2b0b0ea296a20f621c50473fe7aebfc,46f3f46db5da0e0294c350c48d3a0cc366486c1d
ffmpeg,3aba7fb8c2ea44d943049c4bc83a4b46a4e1c8c0,92952ecf22df4df704f40a11a44f2129c909b764
python-qt5,fffa0479d3ca646046d46c1970776916eff72a5a,4c11d1c2bf48a94d0451e9580d9cf70589aefa71
socat,969fcf641e6ba5914aea11cc13893b7924e762f6,d274d8f8a04215f519bebdcf64912654445ad207
zenity,707e8c1beb2149332bb5b7388413db421917beed,4b4f2d7ae4386e7d7718d5cb31a9f3038f55a351
qt5-qt3d,55a66b2efa8365d216592955050cbbefb753da28,2186976a6ea27ebb0c04c0dc1cbbc3b06f56ef18
zimg,9481580a791b5af99095f5839b99cf06a9cfdb72,2327571ba5ef96ce6d2828cea15a4e9495721667
ntp,ad61d34b56629b38d9e603e7242073abbbb1dcf9,ad61d34b56629b38d9e603e7242073abbbb1dcf9
go-bindata,c2faa9fda6fc301d67f8e84bbe2cc9648d17a74b,e5b1faae1e41ac766bd9cbc82ec8e54d536c7d46
webrtc-audio-processing,d71a25715221f3445d687d777b0e863555b93440,ad044bcaf891e92df172483eff69bf3e2dbaedbb
enchant2,25bb790a23e4435793763e129a310327f1990da4,5c97565ff0be5c28e9e4b19c9ded40292659f23e
eclipse-emf,f558403f61c832988927e7f2706bbac171a6388f,f2e40cc48a83f46e584e1b54b9621939cdc50360
apache-commons-jexl,de5a1c07168b8f796bd694a4aacbfc5bd5a77396,94438ee321b1edc0321242c39c219fe98c2ba4b3
acpica-tools,4c9bb27e1ae3ed917eaa1ce4a1718383c30e5c25,317b4e9b528d82d4ed0f66ab2f3026db12a50058
mysql,5074f345875a265a02bde12efceed416ce2bb7c8,9a66797cecd23c3670ce5d40e18a7af1b8076fda
ppp,98f10de5e3101f2c30e9f4d81bc87f47d2fb2abe,538bdbcabf8b5fd43868070256febbab04ce3dac
libffado,86d56d56451b4ff9bbca8d034ef46338889c6123,3b8788bbd92031917cad534edad997c142685482
amtk,dfffd645e747578053246c00a6c8695388f005a1,ef5bb104f8d6371396292163f0870d6ac98811ae
adwaita-icon-theme,5ed20c142be3279e3436ec40d9390fb285a4f70e,f384dfe3b017372d723207fd02042e461d0a0c6c
afflib,99cc6f6189ba0aaeb6ed53a9e80aabab3d5cad84,29
dbus,10e71fd5ca2410fced0cc8ec65df4706bab91fc9,a2139c38131f75122734dee0e228eda131bcd008
adcli,174e3d6821886478fd46794eac42670700168982,1f9421fa42516a93da4658f4086c5d441eea552b
jnr-netdb,91f5a647d04b011907e927bacaeba578b047d7db,d031617e64a074b4c1a670cc534eaece5e2af80f
gmetrics,a73821b7c93e5ddbe3bebcfb8abeb52068faa053,8a6ca9a37a41c0d8a4033d4fd6493c9011833858
jnr-enxio,9afa8330f93ec86119c32cdd529fa9ea281ae0d0,ebb359d8cff5813daf1a69944a4c012b7fae17a6
rubygem-puma,5567868063e6b7c8e6d2457566439f4e5b0eaa78,31f1cdc56d0138c10e598ec4d144488be32d7ed6
nodejs,eda276879337c90271c9276e021544279f5f369d,de64ef64a92f470d82cf9685b81c5794b807abfe
libuv,88d3e830c68be31836d45521b13ed048ff3e9080,a0c69be629df7d2c5de62a440ffa6cf515b02b16
erlang-erlydtl,8efa58d9d8e92b0787ea28f3293761b818aeaf48,845fa93dc6ad329687362fe36c884acc286e5cab
chromium,5270568985c0d1369c222cdcef60a69ff89cc20f,5270568985c0d1369c222cdcef60a69ff89cc20f
nghttp2,d0c1f8bec16a24db88ad3773a127c5b7f014acfb,5c968e7bfa6e50b470b90d21b6423fa24be17321
opusfile,7e0edfdc38784d4e133b368825c1a3cdc480c2b6,f9b86dfc1a0c43ba987c448e04f83820c4aeaab9
netty,9275e572cd589f5f9bb387540f77dbe5044a683c,575533ae5bfb579cf8b589d05688588863bcec83
qt5-qtlocation,a94396b54f014569ec3b70edbed314cec49dcacc,157c009212a105077c30d1d05f306f8a571ea612
kubernetes,3ae07da4ef1e7619e9255e37604f74b4a24be557,1022c22aa6b830c9064e840a57363c507f82cb50
systemd,0f40fea4da7cf16f6bccec4588f43579315af32c,80bb4f7896f7cb1df66a9224d9c08607483ad17a
derby,8691666160df1624673cb474c0537ae37217dd06,f5ee45bd48632d4011bd7e2b3ee0a93eb2a334e5
tycho-extras,6333d89e22f70f021509ab42b135ee11d1832419,4a349907979751cecf1778d2e94c0eafdbc0bf45
qt5-qtdeclarative,37662e0faa5ed1a380044c920a3713a9411b78fc,c62415eebb9efc4d0ea6002fa5f000967e50536a
harfbuzz,0fdcd63e5afdf05c0b7e75e6d0bc307de737cf95,c24d2a5e7cd48f12f7574ff28a25c04f27a2e5d9
live555,f6a479ccb1ea799f979a3f8e65044089f2a4988b,2869c3dbbfb28cbcfcfc19ae5e96315d44b64ab1
libmatroska,66c26611e56aa56350c180424c1046dc8bbe62bd,09cbc15e09f4dcc014ea0962d3a53df0c8ff0be6
tracker-miners,4f3ce498e7271b0b9b20212d0f5e9c401ff2ebca,4f3ce498e7271b0b9b20212d0f5e9c401ff2ebca
tracker,d6d28a0d961f1a963c839c976d80b11f478f8841,d6d28a0d961f1a963c839c976d80b11f478f8841
mvapich2,610f06420beb28674d6096fa56127e5445f9301c,a7762bf5d271dc820360407b3687485bfc7c4f6d
tzdata,7fdc2254ee51b9fde8ce454517bffca8cc24b6f4,4c24c2261d9a11523f941501fccce9dc90f5cc56
gtk3,ee7810de0b1f39c1542ff4bd764d3e1b5c69496b,52810e7a60832c557a8972f2d485244caf9e8a4c
ima-evm-utils,3ebc6ae27bcee6b1c74d2c0038016a2c16f797c6,2768d94030a379f3d3210aa0b39c6424e68419aa
e2fsprogs,c05a234f4bcb03b77883fda7a97764a971039d49,698270542a0a05be9e140dd10ed944cfdd61d8c7
icu,4004187ce67547f938d56b4ca999a4aed2577486,fdc2b9fa953d20648a890e77273e80ef724278c8
libdvbpsi,c6781ffe20dc6a4ac1f497aa53450492b93be169,05d40bad14566fb6c06af5510b33c90fcaca98d8
mina-ftpserver,b5ebc04c9c8fbbba6675ed3566dbc9fdc00d261a,3c575e2039607aa45699d533969ada5762537340
libqmi,8b4901e70cef417173f31ea1f92a9e12cc960e44,05470d10ddbcfd2edeaca8d18893e4f366f7878b
openblas,a008cc3006e7bbc318ee374648be459ffef3796d,ed83b56f7f585449c13b06ac5c02ce4491fbb460
log4j12,dd0c4548ac90928b53c1d494cc0f4baf5ce50b52,a7c621970e398d92e8b10a1047edb13ed512b980
node_exporter,ec2388d39ace21d712aaba1a93275dde1136b399,f03c5d5a6dbaf071d1ade56abb7b5a92e51f77d9
apache-commons-exec,834ee2757ab64477a9a043e8bfcc1b89fa49bf7d,b0611898f23576fdc31306260dad2ff9a0ba8eec
xnio,ccd669ad92a2eaa75848e753dea4ce20c9485b65,f52095a9d244fa05c44cad73240099d838464803
socket_wrapper,e2bd72b8ccb307b902b0457035205c99a64708fd,ff72cd4a68a55929fd9f5b6737cf3e9440078257
libtool,5574124ae93626fc7839946f19b3f18e134e5268,8f5dd00b0902cd31a43f3b98242ec4fe43f06d94
mxparser,2178a3cec2e167ebf27a8dd0676811c7a6dc3e27,7d961173aeda2a360177144415866d08f54243b4
gstreamer1-plugins-good,f9d69449c589aa12d57fe51b787882653fade673,272b611062939a026d97b86d5515abf6457612ac
jasper,5bde97d33409e232331b1ce3d418e9edc087bf20,5bde97d33409e232331b1ce3d418e9edc087bf20
evince,d52266460d7445250bfd4fc9f115e019168c9d67,c7b8760a7968b012af9e95d9886b2bd491ebd8e4
rubygem-shoulda,6affa1a833bd6309432b2af9e88cc22828b51724,9f13d0e94b032339a2fe39caea86edf24574f5aa
telepathy-glib,0150369abf375e22b7263f647b7523d2001ae0d3,31ad93769d8da42ab9c31e3d46eab62342433a62
python-httpretty,b78b12c747b89a97675e24dfade1c7e9ac10afcc,d70710080aff897b5986d6baf81c64ff4aee840d
scala,fc385c463f815137210795a431d4c6f4b1a2ae2c,fc385c463f815137210795a431d4c6f4b1a2ae2c
grizzly,eec5b9900453bf70c84640f4e4628937443abd55,eec5b9900453bf70c84640f4e4628937443abd55
gpars,96d15f5a93c7bd31052acaa03c15f31793b76bf1,96d15f5a93c7bd31052acaa03c15f31793b76bf1
google-gson,558305049ed8b28769e51723b81a20e2d45b699e,3
easymock,a2ececfda0b04818150c6813af4dd39a9228aa82,a2ececfda0b04818150c6813af4dd39a9228aa82
tensorflow,620dd26fc570539896f62eede6d41b5f1bc5aaf7,9d1036792a12d57ab4f3a5d70ec6b13012d509c6
tog-pegasus,8c22afa5cab0dbdb089977008bcd07b0fc4708bb,8c22afa5cab0dbdb089977008bcd07b0fc4708bb
libdnf,ee2fb8c81af5d78d248b08cf24347ac45d87c700,27b1dd855b2d37dc5714dcba60e31560baf4fb24
dnf,d915c3aeaaf34191301adc895e4b19f48b310577,44d009882c6992e0252665a4fd91d9e27513c418
zchunk,37e37c0986b9a8911f3a9622d66e793a283a001c,216e5728230c23ee2a10d4434ddfaabdb7e46d13
make,696c301b8b18c09d9038c5ca65cdad4de1d02609,1395341e0ef76278cb54c099ffb6463a3e221a03
gstreamer1-plugins-bad-free,32dc5bf5761c860c210b327459081e9427a25711,b844e09d66d73dee18b4ae896fa3ec58717da42b
gstreamer1-libav,898806526bc08156a47b6f6b43b93ec46f0f6844,848a21bee9036f0c359904688a5d65f83200834c
gstreamer1,66e2bd90c06715eb9ffd8e0ff4ba16ca1ec4fe18,ce491c7f0ae9167b3a3d07084968c6a70297f58b
flatpak,0229e573f069d217590de887d9013954856335d1,b078926f3a3b0396ecc4e69f8023ca5aa7f0a92c
zsh,f32e936d979fa8cc4ac31760a236370feff55535,643319342f8d271baea4e699938ad40751031e43
ostree,61ff12929476314a7907ecfb93733e5a244b555f,c0e100896654207f30be081b4f54f3fb4c9a611f
perl,e24e962650105098ded89f3b77ea38819b5e15c2,c79a31f6ea4b65b636769f35d3b03d2636596e73
rpm-ostree,5c54d67b365a462e0bac40fbb4d25e1897cec8ad,b54557526736ff516ed4675ebb4ad76578db67e1
clang,97151697b8c189828c2511b0e24ed0946eaddf6f,b3addea8f706e5418334ce15b1f971aad9df076f
sbt,e03f0a76daa048b30278da38c8f68854071ebb5d,b9c118aff548be11a8905f14f2c6db8453681cd5
byteman,66388db22e6a4aca1d363e0bf0bce4a83214a002,66388db22e6a4aca1d363e0bf0bce4a83214a002
antlr3,c0a50b28af877e2168fc0b89b431135d7cbd8970,c0a50b28af877e2168fc0b89b431135d7cbd8970
varnish,0a61a077ff897c8dfb3155d3fa434e5f5168adae,ff4dbd3edc3a32eb94ade6524f9396690fe6c6ab
nodejs-transformers,1ad5c61c38b3611df2efef2a8a61afa2e2340d83,1ad5c61c38b3611df2efef2a8a61afa2e2340d83
hunspell,dcb3a7b00a625acec8c8d17d1a3aa0e4a29fedab,757298e725a047e2d0518d423fb403a87fad1e80
mesa,0650b4e2e6af0a677934e6c7e3a51a5ac2472d91,51795a64cf3505535b60f02a308b782c1b566ee1
folks,a03073b29f83a85415cd060a93f8be2b2811ba6b,e070451aeba81d280c0dd76ecaff62e865bb73b2
mpich,4b309bb0ad2d2d1b78a21409c31ced70f07c09c9,52a6512c97923196278aa869d928dfcaedbec451
uglify-js,8c489a182dbc04fc4fab472d6b5b33ee0111a0d9,b8f521279fe9ed0b18a6d1e29f6019ac3658d514
os-maven-plugin,8d5a5053db87308cc34c1cebca63b4adad09482d,0dfd75a5defd42c9fb2fd4dbebb4a2d37f0f1e99
shared-mime-info,aa68735ed14dd1a46181ef8d73bf8ae26e2c8552,ee2c52c07803eed2d33b939f1040cf3200ab6110
oneDNN,ec40608a4ac307d48b551e0a273abe1cdbed90b5,a75590181260d28dd458db7f7d5274fcf096e071
rustup,5f1ca3fc5cc83bd3709a44d59db3e18de20cc9aa,5f1ca3fc5cc83bd3709a44d59db3e18de20cc9aa
node-gyp,0078265c4900500a501d980d4c9ec20425bfee13,3743c317138d08cba470fcc0e5238f587ac60316
